<?xml version="1.0" encoding="utf-8" standalone="yes"?>
<rss version="2.0" xmlns:atom="http://www.w3.org/2005/Atom" xmlns:content="http://purl.org/rss/1.0/modules/content/">
  <channel>
    <title>Categories on Anderson Teala</title>
    <link>https://andersonteala.hamstercode.com.br/categories/</link>
    <description>Recent content in Categories on Anderson Teala</description>
    <image>
      <title>Anderson Teala</title>
      <url>https://andersonteala.hamstercode.com.br/%3Clink%20or%20path%20of%20image%20for%20opengraph,%20twitter-cards%3E</url>
      <link>https://andersonteala.hamstercode.com.br/%3Clink%20or%20path%20of%20image%20for%20opengraph,%20twitter-cards%3E</link>
    </image>
    <generator>Hugo -- gohugo.io</generator>
    <language>en-us</language><atom:link href="https://andersonteala.hamstercode.com.br/categories/index.xml" rel="self" type="application/rss+xml" />
  </channel>
</rss>
