<?xml version="1.0" encoding="utf-8" standalone="yes"?>
<rss version="2.0" xmlns:atom="http://www.w3.org/2005/Atom" xmlns:content="http://purl.org/rss/1.0/modules/content/">
  <channel>
    <title>myself on Anderson Teala</title>
    <link>https://andersonteala.hamstercode.com.br/tags/myself/</link>
    <description>Recent content in myself on Anderson Teala</description>
    <image>
      <title>Anderson Teala</title>
      <url>https://andersonteala.hamstercode.com.br/%3Clink%20or%20path%20of%20image%20for%20opengraph,%20twitter-cards%3E</url>
      <link>https://andersonteala.hamstercode.com.br/%3Clink%20or%20path%20of%20image%20for%20opengraph,%20twitter-cards%3E</link>
    </image>
    <generator>Hugo -- gohugo.io</generator>
    <language>en-us</language>
    <lastBuildDate>Sun, 27 Aug 2023 11:30:03 +0000</lastBuildDate><atom:link href="https://andersonteala.hamstercode.com.br/tags/myself/index.xml" rel="self" type="application/rss+xml" />
    <item>
      <title>Olá pra mim mesmo!</title>
      <link>https://andersonteala.hamstercode.com.br/posts/hello-for-myself/</link>
      <pubDate>Sun, 27 Aug 2023 11:30:03 +0000</pubDate>
      
      <guid>https://andersonteala.hamstercode.com.br/posts/hello-for-myself/</guid>
      <description>Estou montando esse blog para alimentar ele com todas as minhas informações que desejo acessar futuramente como uma forma de aprendizado pra mim mesmo.</description>
    </item>
    
  </channel>
</rss>
