<?xml version="1.0" encoding="utf-8" standalone="yes"?>
<rss version="2.0" xmlns:atom="http://www.w3.org/2005/Atom" xmlns:content="http://purl.org/rss/1.0/modules/content/">
  <channel>
    <title>testes on Anderson Teala</title>
    <link>https://andersonteala.hamstercode.com.br/tags/testes/</link>
    <description>Recent content in testes on Anderson Teala</description>
    <image>
      <title>Anderson Teala</title>
      <url>https://andersonteala.hamstercode.com.br/%3Clink%20or%20path%20of%20image%20for%20opengraph,%20twitter-cards%3E</url>
      <link>https://andersonteala.hamstercode.com.br/%3Clink%20or%20path%20of%20image%20for%20opengraph,%20twitter-cards%3E</link>
    </image>
    <generator>Hugo -- gohugo.io</generator>
    <language>en-us</language>
    <lastBuildDate>Mon, 18 Sep 2023 11:30:03 +0000</lastBuildDate><atom:link href="https://andersonteala.hamstercode.com.br/tags/testes/index.xml" rel="self" type="application/rss+xml" />
    <item>
      <title>Automatizando Testes e Pull Requests com GitHub Actions</title>
      <link>https://andersonteala.hamstercode.com.br/posts/automatizando-testes-pull-requests-github-actions/</link>
      <pubDate>Mon, 18 Sep 2023 11:30:03 +0000</pubDate>
      
      <guid>https://andersonteala.hamstercode.com.br/posts/automatizando-testes-pull-requests-github-actions/</guid>
      <description>Introdução Hoje eu vim escrever um pouco sobre automação de processos no github pois é essencial para melhorar a eficiência e a qualidade do desenvolvimento do seu software.
Olá pessoal beleza, aqui é o Teala, espero que estejam bem! Hoje eu vim escrever um pouco sobre automação de processos no github pois é essencial para melhorar a eficiência e a qualidade do desenvolvimento do seu software.
Mais antes quero entrar em um outro assunto que, quem nunca subiu um código “Na minha máquina funciona” pois é, essa é a famosa frase quando um amigo iniciante nos envia o link para visualizarmos “localhost:8080” sim senhores eu já vi isso acontecer mais admito nunca fiz isso.</description>
    </item>
    
  </channel>
</rss>
