<?xml version="1.0" encoding="utf-8" standalone="yes"?>
<rss version="2.0" xmlns:atom="http://www.w3.org/2005/Atom" xmlns:content="http://purl.org/rss/1.0/modules/content/">
  <channel>
    <title>Anderson Teala</title>
    <link>https://andersonteala.hamstercode.com.br/</link>
    <description>Recent content on Anderson Teala</description>
    <image>
      <title>Anderson Teala</title>
      <url>https://andersonteala.hamstercode.com.br/%3Clink%20or%20path%20of%20image%20for%20opengraph,%20twitter-cards%3E</url>
      <link>https://andersonteala.hamstercode.com.br/%3Clink%20or%20path%20of%20image%20for%20opengraph,%20twitter-cards%3E</link>
    </image>
    <generator>Hugo -- gohugo.io</generator>
    <language>en-us</language>
    <lastBuildDate>Mon, 18 Sep 2023 11:30:03 +0000</lastBuildDate><atom:link href="https://andersonteala.hamstercode.com.br/index.xml" rel="self" type="application/rss+xml" />
    <item>
      <title>Automatizando Testes e Pull Requests com GitHub Actions</title>
      <link>https://andersonteala.hamstercode.com.br/posts/automatizando-testes-pull-requests-github-actions/</link>
      <pubDate>Mon, 18 Sep 2023 11:30:03 +0000</pubDate>
      
      <guid>https://andersonteala.hamstercode.com.br/posts/automatizando-testes-pull-requests-github-actions/</guid>
      <description>Introdução Hoje eu vim escrever um pouco sobre automação de processos no github pois é essencial para melhorar a eficiência e a qualidade do desenvolvimento do seu software.
Olá pessoal beleza, aqui é o Teala, espero que estejam bem! Hoje eu vim escrever um pouco sobre automação de processos no github pois é essencial para melhorar a eficiência e a qualidade do desenvolvimento do seu software.
Mais antes quero entrar em um outro assunto que, quem nunca subiu um código “Na minha máquina funciona” pois é, essa é a famosa frase quando um amigo iniciante nos envia o link para visualizarmos “localhost:8080” sim senhores eu já vi isso acontecer mais admito nunca fiz isso.</description>
    </item>
    
    <item>
      <title>Olá pra mim mesmo!</title>
      <link>https://andersonteala.hamstercode.com.br/posts/hello-for-myself/</link>
      <pubDate>Sun, 27 Aug 2023 11:30:03 +0000</pubDate>
      
      <guid>https://andersonteala.hamstercode.com.br/posts/hello-for-myself/</guid>
      <description>Estou montando esse blog para alimentar ele com todas as minhas informações que desejo acessar futuramente como uma forma de aprendizado pra mim mesmo.</description>
    </item>
    
    <item>
      <title>Pesquisa binária</title>
      <link>https://andersonteala.hamstercode.com.br/posts/pesquisa-binaria/</link>
      <pubDate>Sun, 27 Aug 2023 11:30:03 +0000</pubDate>
      
      <guid>https://andersonteala.hamstercode.com.br/posts/pesquisa-binaria/</guid>
      <description>Pesquisa binária Às vezes realizamos uma simples tentativa “achamos que é uma tratativa simples” definimos um array para receber uma quantidade de informações como por exemplo nomes. Até aqui tudo bem, queremos pesquisar um nome e encontrar ele no array, mas será que realmente algum dia paramos e pensamos se esta abordagem é correta ? Se você automaticamente disse que sim parabéns, pare a leitura imediatamente.
Um tempo atrás quando aprendi a programar que não faz muito tempo, somente 4 anos (sim somente 4 anos, antes disso eu fazia alguns sites em html, css e muito pouco de javascript e acha que programava, mas somente depois que me aprofundei nos estudos percebi que eu não sabia nada e que realmente ainda não sei nada, ainda tem chão muita coisa para se aprender, eu era um tolo em pensar que programava, mas hoje sei e entendo que eu realmente estava mentindo pra mim mesmo), eu vivo me perguntando sobre diversas abordagens sobre “por que isso é feito dessa forma”, “Eu posso melhorar isso de alguma maneira?</description>
    </item>
    
    
    
  </channel>
</rss>
