<?xml version="1.0" encoding="utf-8" standalone="yes"?>
<rss version="2.0" xmlns:atom="http://www.w3.org/2005/Atom" xmlns:content="http://purl.org/rss/1.0/modules/content/">
  <channel>
    <title>Tags on Anderson Teala</title>
    <link>https://andersonteala.hamstercode.com.br/tags/</link>
    <description>Recent content in Tags on Anderson Teala</description>
    <image>
      <title>Anderson Teala</title>
      <url>https://andersonteala.hamstercode.com.br/%3Clink%20or%20path%20of%20image%20for%20opengraph,%20twitter-cards%3E</url>
      <link>https://andersonteala.hamstercode.com.br/%3Clink%20or%20path%20of%20image%20for%20opengraph,%20twitter-cards%3E</link>
    </image>
    <generator>Hugo -- gohugo.io</generator>
    <language>en-us</language>
    <lastBuildDate>Mon, 18 Sep 2023 11:30:03 +0000</lastBuildDate><atom:link href="https://andersonteala.hamstercode.com.br/tags/index.xml" rel="self" type="application/rss+xml" />
    <item>
      <title>actions</title>
      <link>https://andersonteala.hamstercode.com.br/tags/actions/</link>
      <pubDate>Mon, 18 Sep 2023 11:30:03 +0000</pubDate>
      
      <guid>https://andersonteala.hamstercode.com.br/tags/actions/</guid>
      <description></description>
    </item>
    
    <item>
      <title>automação</title>
      <link>https://andersonteala.hamstercode.com.br/tags/automa%C3%A7%C3%A3o/</link>
      <pubDate>Mon, 18 Sep 2023 11:30:03 +0000</pubDate>
      
      <guid>https://andersonteala.hamstercode.com.br/tags/automa%C3%A7%C3%A3o/</guid>
      <description></description>
    </item>
    
    <item>
      <title>gitHub</title>
      <link>https://andersonteala.hamstercode.com.br/tags/github/</link>
      <pubDate>Mon, 18 Sep 2023 11:30:03 +0000</pubDate>
      
      <guid>https://andersonteala.hamstercode.com.br/tags/github/</guid>
      <description></description>
    </item>
    
    <item>
      <title>pull requests</title>
      <link>https://andersonteala.hamstercode.com.br/tags/pull-requests/</link>
      <pubDate>Mon, 18 Sep 2023 11:30:03 +0000</pubDate>
      
      <guid>https://andersonteala.hamstercode.com.br/tags/pull-requests/</guid>
      <description></description>
    </item>
    
    <item>
      <title>testes</title>
      <link>https://andersonteala.hamstercode.com.br/tags/testes/</link>
      <pubDate>Mon, 18 Sep 2023 11:30:03 +0000</pubDate>
      
      <guid>https://andersonteala.hamstercode.com.br/tags/testes/</guid>
      <description></description>
    </item>
    
    <item>
      <title>algoritmos</title>
      <link>https://andersonteala.hamstercode.com.br/tags/algoritmos/</link>
      <pubDate>Sun, 27 Aug 2023 11:30:03 +0000</pubDate>
      
      <guid>https://andersonteala.hamstercode.com.br/tags/algoritmos/</guid>
      <description></description>
    </item>
    
    <item>
      <title>myself</title>
      <link>https://andersonteala.hamstercode.com.br/tags/myself/</link>
      <pubDate>Sun, 27 Aug 2023 11:30:03 +0000</pubDate>
      
      <guid>https://andersonteala.hamstercode.com.br/tags/myself/</guid>
      <description></description>
    </item>
    
    <item>
      <title>CI/CD</title>
      <link>https://andersonteala.hamstercode.com.br/tags/ci/cd/</link>
      <pubDate>Mon, 01 Jan 0001 00:00:00 +0000</pubDate>
      
      <guid>https://andersonteala.hamstercode.com.br/tags/ci/cd/</guid>
      <description></description>
    </item>
    
  </channel>
</rss>
